GO
USE QLThuVien
GO
SET DATEFORMAT DMY
GO
INSERT INTO Theloai
VALUES
	('TL01',N'Kinh doanh Marketing'),
	('TL02',N'Kinh tế - Quản lý'),
	('TL03',N'Tài chính - Ngân hàng'),
	('TL04',N'Công nghệ thông tin'),
	('TL05',N'Tiếng anh - Ngoại ngữ'),
	('TL06',N'Kỹ thuật - Công nghệ'),
	('TL07',N'Khoa học tự nhiên'),
	('TL08',N'Khoa học xã hội'),
	('TL09',N'Văn Hóa nghệ thuật'),
	('TL10',N'Y tế - Sức khỏe'),
	('TL11',N'Nông - Lâm - Ngư'),
	('TL12',N'Kỹ năng mềm'),
	('TL13',N'Giải trí - Thư giản'),
	('TL14',N'Lịch sử - Địa Lý - Du lịch'),
	('TL15',N'Văn học'),
	('TL16',N'Ẩm thực'),
	('TL17',N'Luật'),
	('TL18',N'Truyền thông'),
	('TL19',N'Tâm lý'),
	('TL20',N'Giáo dục'),
	('TL21',N'Tôn giáo'),
	('TL22',N'Kiến trúc - Xây dựng'),
	('TL23',N'Tôn giáo'),
	('TL24',N'Thể dục - Thể thao'),
	('TL25',N'Tử vi - Phong thủy'),
	('TL26',N'Bất động sản'),
	('TL27',N'Kiến thức')
GO
INSERT INTO Sach
VALUES
	('B00001',N'Lập Trình Với Python (Hành Trang Cho Tương Lai)',N'Học Viện VIETSTEM',N'NXB ĐHQG Hà Nội',2018,'TL04','K2','89000'),
	('B00002',N'Cẩm Nang Tìm Tri Kỷ','Chris G.Moon',N'NXB Thanh niên',2023,'TL19','K3','132000'),
	('B00003',N'Bí quyết bán bảo hiểm',N'PGS TS Đoàn Dương Hải',N'NXB Tài chính',2022,'TL02','K5','120000'),
	('B00004',N'Sự thật cứng về kỹ năng mềm','Peggy Klaus',N'NXB Trẻ',2012,'TL12','K7','70000'),
	('B00005',N'Bài giảng phẫu thuật thần kinh',N'TS BS Phạm Anh Tuấn',N'NXB Y học',2012,'TL10','K4','110000'),
	('B00006',N'Đầu Tư Bất Động Sản','David Lindahl',N'NXB Lao động',2018,'TL26','K5','210000'),
	('B00007',N'Khám Phá Mỹ Học',N'Mautice Nédoncelle',N'NXB Tri thức',2023,'TL14','K9','96000'),
	('B00008',N'Bảy Thói Quen Của Người Thành Đạt','Sean Covey',N'NXB Trẻ',2008,'TL12','K6','88000'),
	('B00009',N'Kinh Tế Và Quản Lý Bất Động Sản',N'GS Grabooửi PG',N'NXB Tài chính',2022,'TL26','K5','150000'),
	('B00010',N'Bí quyết bán bảo hiểm',N'Tôn Thất Lan',N'NXB Hà Nội',2008,'TL01','K3','69000'),
	('B00011',N'Kiến thức pháp luật dành cho cá nhân và gia đình',N'Tăng Bình',N'NXB Hồng Đức',2019,'TL17','K3','169000'),
	('B00012',N'Làm Chủ Kiến Thức Tiếng Anh Bằng Sơ Đồ Tư Duy',N'Đỗ Nhung',N'NXB Hồng Đức',2021,'TL05','K3','69000'),
	('B00013',N'900 Câu đàm thoại Hàn Việt thông dụng hàng ngày',N'Thiên Ngân',N'NXB Hồng Đức',2008,'TL05','K8','43000'),
	('B00014',N'Tài Chính Cá Nhân Dành Cho Người Việt Nam',N'Lâm Minh Chánh',N'NXB Phụ Nữ',2019,'TL03','K3','180000'),
	('B00015',N'Python cơ bản',N'Bùi Việt Hà',N'NXB ĐHQG Hà Nội',2015,'TL04','K11','145000'),
	('B00016',N'Chiến thắng con quỷ trong bạn','Napoleon Hill',N'NXB Thời Đại',2015,'TL12','K1','76000'),
	('B00017',N'Tập viết tiếng Nhật căn bản Hiragana',N'Mai Ngọc',N'NXB ĐHQG Hà Nội',2016,'TL05','K10','54000'),
	('B00018',N'Gia Định Là Nhớ - Sài Gòn Là Thương',N'Cù Mai Công',N'NXB Tổng Hợp TPHCM',2014,'TL09','K10','106000'),
	('B00019',N'GT Dược lý học đại cương',N'ĐH Y Hà Nội',N'NXB Giáo dục',2015,'TL10','K4','62000'),
	('B00020',N'Rèn Luyện Tư Duy Phản Biện',N'Albert Rutherford',N'NXB Phụ Nữ Việt Nam',2018,'TL12','K9','89000'),
	('B00021',N'Tiền Tệ Và Chuyện Làm Giàu An Toàn',N'GS TS Huỳnh Ngọc Phiên',N'NXB Thế Giới',2017,'TL02','K5','101000'),
	('B00022',N'Chinh Phục Cụm Động Từ Tiếng Anh','Trang Anh',N'NXB ĐH Sư phạm',2020,'TL05','K5','50000'),
	('B00023',N'Quản Trị Bằng Văn Hóa',N'Giản Tư Trung',N'NXB Tri Thức',2021,'TL02','K8','225000'),
	('B00024',N'Bản Đồ Thế Giới Cà Phê - Từ Hạt Đến Pha Chế',N'James Hoffmann',N'NXB Thế Giới',2020,'TL06','K3','332000'),
	('B00025',N'Đúng Là Tết',N'Bùi Phương Tâm',N'NXB Kim Đồng',2019,'TL09','K4','61000'),
	('B00026',N'Đu Trend Người Nổi Tiếng',N'Lê Công Sơn',N'NXB Tổng Hợp TP.HCM',2023,'TL13','K10','69000'),
	('B00027',N'Tự học tiếng Nhật dành cho người mới bắt đầu',N'Trần Hải Quỳnh',N'NXB Hồng Đức',2020,'TL05','K9','105000'),
	('B00028',N'Nói Về Miền Nam',N'Sơn Nam',N'NXB Trẻ',2018,'TL09','K8','95000'),
	('B00029',N'Top 10 kỹ năng mềm cho bạn trẻ',N'Vĩnh Thắng',N'NXB Trẻ',2011,'TL12','K5','40000'),
	('B00030',N'Learn Python the Hard Way',N'Zed A.Shaw',N'NXB United States',2014,'TL04','K6','220000'),
	('B00031',N'GT Thần kinh học',N'TS Lê Văn Tuấn',N'NXB ĐHQG TP.HCM',2013,'TL10','K11','123000'),
	('B00032',N'GT Tiếng Nhật sơ cấp 1','Shin Nihongo',N'NXB Thời Đại',2021,'TL05','K9','142000'),
	('B00033',N'GT Tiếng Nhật sơ cấp 2','Shin Nihongo',N'NXB Thời Đại',2021,'TL05','K9','142000'),
	('B00034',N'Gác Lại Âu Lo - Tự Do Tài Chính',N'Clear Barrett',N'NXB Công Thương',2018,'TL13','K4','161000'),
	('B00035',N'Rón Rén Gửi Tiền Tiết Kiệm Không Bằng Mạnh Dạn Đầu Tư',N'Trần Phi Quyên',N'NXB Phụ Nữ',2022,'TL03','K11','86000'),
	('B00036',N'Tư Duy Phản Biện Từ Làm Quen Đến Thói Quen',N'Thinknetic',N'NXB Công Thương',2018,'TL12','K5','89000'),
	('B00037',N'Lão Tử Tinh Hoa Trí Tuệ Qua Danh Ngôn',N'Hoàng Thần Thuần',N'NXB Hồng Đức',2019,'TL01','K7','86000'),
	('B00038',N'Growth Marketing - Chìa Khóa Kinh Doanh Khi TT Trở Nên Khó Lường',N'Paolo Ferri',N'NXB Thế Giới',2018,'TL02','K3','79000'),
	('B00039',N'Ngàn Năm Áo Mũ',N'Trần Quang Đức',N'NXB Thế Giới',2021,'TL09','K9','69000'),
	('B00040',N'Đánh thức con người phi thường trong bạn',N'Anthony Robbins',N'NXB Tổng hợp',2008,'TL12','K5','124000'),
	('B00041',N'200 Chữ Kanji căn bản',N'Eriko Sato',N'NXB ĐHQG TP.HCM',2019,'TL05','K7','78000'),
	('B00042',N'Non Nước Việt Nam 63 Tỉnh Thành',N'Quang Lân',N'NXB Hồng Đức',2023,'TL09','K1','205000'),
	('B00043',N'A – Z Kiến Thức Nghề Lập Trình Cho Người Mới Bắt Đầu',N'Đào Xuân Hiệp',N'NXB Thanh Niên',2013,'TL04','K3','89000'),
	('B00044',N'Hiểu Đúng Về Tiền',N'L.Randall Wray',N'NXB Trẻ',2022,'TL02','K6','54000'),
	('B00045',N'Phản Biện Hay Ngụy Biện',N'Albert Rutherford',N'NXB ĐH Kinh Tế Quốc Dân',2013,'TL12','K1','99000'),
	('B00046',N'Những nguyên tắc thành công',N'Jack Canfield',N'NXB Lao Động',2016,'TL12','K7','125000'),
	('B00047',N'Hệ Giá Trị Việt Nam - Từ Truyền Thống Đến Hiện Đại',N'GS TSKH Trần Ngọc Thêm',N'NXB Tổng Hợp TPHCM',2019,'TL09','K9','218000'),
	('B00048',N'Thăng Long - Hà Nội Trong Mắt Một Người Hà Nội',N'Nguyễn Thừa Hỷ',N'NXB Thông Tin và Truyền Thông',2016,'TL09','K9','167000'),
	('B00049',N'Insight & More - Digital Game Changer',N'BEAT Network',N'NXB Thế GIới',2022,'TL06','K10','197000'),
	('B00050',N'Những Mảng Màu Du Lịch Việt Nam',N'Phan Huy Xu',N'NXB Tổng Hợp TPHCM',2021,'TL14','K3','122000'),
	('B00051',N'Cánh Cửa Trí Tuệ Của Người Do Thái',N'Lý Quế Đông',N'NXB Thanh Hóa',2020,'TL27','K4','79000'),
	('B00052',N'Tạo Động Lực Rèn Luyện Sức Khỏe',N'Vũ Anh Tuấn',N'NXB Công Thương',2018,'TL24','K8','98000'),
	('B00053',N'Làm Chủ Tư Duy, Thay Đổi Vận Mệnh',N'Adam Khoo',N'NXB Phụ Nữ',2017,'TL27','K4','115000'),
	('B00054',N'Tây Phương Huyền Bí',N'Sir Bulwer Lytton',N'NXB Tôn Giáo',2023,'TL23','K3','74000'),
	('B00055',N'Những Chuyến Du Hành Qua Xứ Thượng Ở Đông Dương',N'Yersin',N'NXB Trẻ',2008,'TL14','K5','81000'),
	('B00056',N'Yoga Toàn Thư','Swami Vishnu Devananda',N'NXB Hồng Đức',2023,N'TL24','K12','120000'),
	('B00057',N'Nghệ Thuật Làm Việc Tuyệt Vời Của Toyota',N'Yoshihito Wakamatsu',N'NXB Phụ Nữ Việt Nam',2023,'TL01','K1','113000'),
	('B00058',N'Bộ Luật Dân Sự Năm 2015 Và Các Nghị Định Hướng Dẫn Thi Hành',N'Quốc Hội',N'NXB Chính Trị Quốc Gia Sự Thật',2015,'TL17','K3','142000'),
	('B00059',N'Tâm Lý Học Toàn Thư - Lịch Sử Tâm Lý Học',N'Vương Mộc',N'NXB Trẻ',2019,'TL19','K7','153000'),
	('B00060',N'Bí Quyết Làm Giàu Của Người Babylon',N'George S.Clason',N'NXB Tổng Hợp TPHCM',2022,'TL02','K8','108000'),
	('B00061',N'Luật Các Tổ Chức Tín Dụng',N'Quốc Hội',N'NXB Chính Trị Quốc Gia Sự Thật',2017,'TL17','K9','62000'),
	('B00062',N'Tâm Lý Học Toàn Thư - Tâm Lý Học Xã Hội',N'Nguyễn Tuấn Việt',N'NXB Trẻ',2016,'TL19','K7','149000'),
	('B00063',N'Tìm Hiểu Văn Hóa Tâm Linh Của Người Việt',N'GS TS Cao Ngọc Lân',N'NXB Lao Động',2015,'TL09','K6','302000'),
	('B00064',N'Chạy Đến Đích - Kinh Nghiệm Phòng Tránh Chấn Thương Và Thêm Yêu Chạy Bộ Hơn',N'Amanda Brooks',N'NXB Thể Thao Và Du Lịch',2023,'TL24','K4','225000'),
	('B00065',N'Tư Duy Linh Hoạt Trong Công Việc',N'Shimada Tsuyoshi',N'NXB Công Thương',2023,'TL12','K9','152000'),
	('B00066',N'Cùng Kiến Tạo Không Gian Văn Hóa',N'Phạm Phương Thảo',N'NXB Tổng Hợp TPHCM',2019,'TL27','K11','81000'),
	('B00067',N'Ba Chuyến Chinh Phục Nam Cực',N'Hoàng Phụng Hiếu',N'NXB Thế Giới',2021,'TL14','K10','242000'),
	('B00068',N'Chạy Bộ Đến Già Tại Sao Không?',N'Andrew Kastor',N'NXB Thể Thao và Du Lịch',2022,'TL24','K8','135000'),
	('B00069',N'Luật An Ninh Mạng (Hiện Hành)',N'Quốc Hội',N'NXB Chính Trị Quốc Gia Sự Thật',2018,'TL17','K10','29000'),
	('B00070',N'Hành Trình Biến Những Điều Tưởng Như Không Thể Thành Có Thể',N'Hoàng Hữu Thắng',N'NXB Thế Giới',2017,'TL01','K2','220000'),
	('B00071',N'Đông Phương Huyền Bí',N'Paul Brunton',N'NXB Tôn Giáo',2023,'TL23','K6','63000'),
	('B00072',N'Khổng Tử Tinh Hoa Trí Tuệ Qua Danh Ngôn',N'Hoàng Nha Phương',N'NXB Hồng Đức',2022,'TL27','K3','88000'),
	('B00073',N'Hệ Thống 70 Án Lệ Và Các Giải Đáp Vướng Mắc',N'TS Trần Văn Hà',N'NXB Thông Tấn',2019,'TL17','K5','535000'),
	('B00074',N'Bảo Vệ Môi Trường - Kinh Nghiệm Quốc Tế Và Bài Học Cho Việt Nam',N'TS Trần Thị Thu Nga',N'NXB Công An Nhân Dân',2022,'TL11','K12','104000'),
	('B00075',N'Khoa Học Thần Kinh Dành Cho Các Nhà Lãnh Đạo',N'Nikolaos Dimitriadis',N'NXB Công Thương',2021,'TL01','K12','179000'),
	('B00076',N'Hướng Dẫn Tập Luyện Karate Bằng Hình Ảnh',N'Sanette Smit',N'NXB Thanh Hóa',2011,'TL24','K4','57000'),
	('B00077',N'Kéo Giãn Cơ Thể',N'James Shiuchi Nakano',N'NXB Công Thương',2017,'TL10','K2','113000'),
	('B00078',N'Siêu Ý Thức - Sức Mạnh Dẫn Lối Thành Công',N'Nguyễn Linh',N'NXB Thế Giới',2016,'TL19','K5','161000'),
	('B00079',N'Overthinking - Kẻ Nghĩ Nhiều',N'Jon Acuff',N'NXB Công Thương',2023,'TL19','K5','161000'),
	('B00080',N'Cất Cánh Trên Sàn Thương Mại Điện Tử',N'Trần Lâm',N'NXB Thế Giới',2018,'TL06','K1','179000'),
	('B00081',N'Chủ Nghĩa Tam Dân',N'Tôn Trung Sơn',N'NXB Hồng Đức',2018,'TL14','K1','179000'),
	('B00082',N'Giáo Trình Marathon Nâng Cao',N'Pete Pfitzinger',N'NXB Thể Thao Và Du Lịch',2021,'TL24','K9','226000'),
	('B00083',N'Đi Làm Đừng Đi Lầm',N'Ron Friedman',N'NXB Thanh Hóa',2021,'TL12','K2','140000'),
	('B00084',N'Toyota - Thay Đổi Để Phát Triển',N'Erina Watanabe',N'NXB Lao Động',2022,'TL06','K3','134000'),
	('B00085',N'Chữa Lành Đứa Trẻ Tổn Thương Bên Trong',N'Robert Jackman',N'NXB Dân Trí',2021,'TL19','K9','169000'),
	('B00086',N'Tư Duy Logic Rèn Luyện Thuyết Phục Trong Giao Tiếp',N'Lưu Lâm',N'NXB Dân Trí',2022,'TL12','K3','152000'),
	('B00087',N'28 Cách Để Trở Thành Người Phụ Nữ Giàu Có',N'Bạn Tốt',N'NXB Phụ Nữ Việt Nam',2023,'TL01','K6','54000'),
	('B00088',N'Design - Thiết Kế Lấy Người Dùng Làm Trung Tâm',N'Don Norman',N'NXB Công Thương',2019,'TL08','K3','179000'),
	('B00089',N'Tư Duy 0 Giây',N'Akaba Yuji',N'NXB Công Thương',2019,'TL27','K10','152000'),
	('B00090',N'Cờ Vua - Đòn Đánh Quyết Định Trong Tàn Cuộc',N'Mai Luân',N'NXB Thể Thao và Du Lịch',2023,'TL24','K6','50000'),
	('B00091',N'Bộ luật Tố Tụng Hình Sự',N'Quốc Hội',N'NXB Thông Tin và Truyền Thông',2021,'TL17','K2','135000'),
	('B00092',N'Tâm Lý Học Toàn Thư - Tâm Lý Học Bất Thường',N'Nguyễn Tuấn Việt',N'NXB Trẻ',2023,'TL19','K4','131000'),
	('B00093',N'Chicken Soup For The College Soul - Dành Cho Học Sinh Sinh Viên',N'Jack Canfield',N'NXB Tổng Hợp TP.HCM',2023,'TL20','K2','69000'),
	('B00094',N'Tư Duy Ngược',N'Jonah Sachs',N'NXB Lao Động',2022,'TL27','K10','152000'),
	('B00095',N'Tâm Lý Học Toàn Thư - Bộ Não Và Tâm Trí',N'Nguyễn Ngọc Lượng',N'NXB Trẻ',2023,'TL19','K13','149000'),
	('B00096',N'Cẩm Nang Tư Duy Phân Tích',N'Richard Paul',N'NXB Tổng Hợp TP.HCM',2023,'TL19','K11','50000'),
	('B00097',N'Gột Rửa Âu Lo Tự Do Tâm Trí',N'Michael Smith',N'NXB Thanh Niên',2022,'TL10','K2','68000'),
	('B00098',N'Hỏi Thông Minh - Đáp Cực Đỉnh',N'Ardrew Sobel',N'NXB Thanh Niên',2023,'TL12','K1','116000'),
	('B00099',N'Thiết Kế Tâm Trí - Thiết Lập Tư Duy, Duy Trì Ý Chí',N'Ryan A Bush',N'NXB Thế Giới',2021,'TL19','K4','116000'),
	('B00100',N'Giải Đáp Vướng Mắc Trong Nghiệp Vụ Xét Xử Của Tòa Án Nhân Dân Tối Cao',N'Trần Văn Hà',N'NXB Thông Tin Và Truyền Thông',2021,'TL17','K6','405000')

GO
INSERT INTO NguoiDung
VALUES
	('ND00001',N'Nguyễn Anh Minh',N'Nam','04/04/2004','0397720946',N'Quận 4, TP. Hồ Chí Minh',N'ĐH Kinh tế','minh.nguyenanh@outlook.com',N'Sinh viên','15/01/2022'),
	('ND00002',N'Nguyễn Đức Tài',N'Nam','18/06/1997','0944856931',N'Đồng Nai',N'Công ty Lonel','tai.nguyenduc@yahoo.com.vn',N'Người dùng khác','09/12/2022'),
	('ND00003',N'Hồ Quỳnh Chi',N'Nữ','28/06/1994','0376580432',N'Bình Định',N'ĐH Khoa Học Tự Nhiên','chi.hoquynh@outlook.com',N'Giảng viên','04/04/2015'),
	('ND00004',N'Hồ Văn Công Bình',N'Nam','25/11/1996','0962809834',N'Bình Phước',N'Công ty HLS Việt Nam','binh.hovancong@gmail.com',N'Người dùng khác','07/01/2022'),
	('ND00005',N'Lê Tự Chí Bảo',N'Nam','28/06/1994','0376580432',N'Quảng Nam',N'Công ty ABC Corp','bao.le@gmail.com',N'Sinh viên','01/01/2022'),
	('ND00006',N'Hoàng Mẫn Nhi',N'Nữ','30/09/1999','0340290748',N'Bình Phước',N'Công ty TNHH Thanh Lễ','nhi.hoangman@gmail.com.vn',N'Người dùng khác','10/04/2020'),
	('ND00007',N'Hoàng Quỳnh Như',N'Nữ','28/12/1997','0976564392',N'Bình Dương',N'ĐH Khoa Học Tự Nhiên','nhu.hoangquynh@gmail.com',N'Sinh viên','03/12/2021'),
	('ND00008',N'Nguyễn Quang Mạnh',N'Nam','12/07/2003','0322582103',N'Bình Dương',N'ĐH Kinh tế','manh.nguyenquang@gmail.com',N'Sinh viên','07/01/2022'),
	('ND00009',N'Lê Trần Trung Đức',N'Nam','09/12/2005','0748109441',N'Quận 7, TP. Hồ Chí Minh',N'ĐH Sư phạm','duc.letrantrung@gmail.com.vn',N'Sinh viên','27/06/2019'),
	('ND00010',N'Nguyễn Minh Triết',N'Nam','25/12/2001','0985420333',N'Bến Tre',N'Công ty TNHH HuTa','triet.nguyenminh@outlook.com',N'Người dùng khác','12/03/2018'),
	('ND00011',N'Nguyễn Diệu Anh',N'Nữ','11/05/2002','0361906345',N'Phú Yên',N'ĐH Bách Khoa TP.HCM','anh.nguyendieu@outlook.com',N'Sinh viên','12/05/2022'),
	('ND00012',N'Nguyễn Ngọc Trâm',N'Nữ','30/11/1996','0995011082',N'Lâm Đồng',N'Công ty TNHH P2M','tram.nguyenngoc@outlook.com',N'Người dùng khác','22/07/2021'),
	('ND00013',N'Phạm Ngọc Bích',N'Nữ','16/05/1999','0783261806',N'Bình Dương',N'Công ty TNHH Phúc Long','bich.phamngoc@outlook.com',N'Người dùng khác','15/11/2019'),
	('ND00014',N'Trần Huyền Ngọc',N'Nữ','26/04/2000','0724780175',N'Bình Thuận',N'Công ty TNHH MTV Đồng Tiến','ngoc.tranhuyen@gmail.com',N'Người dùng khác','12/10/2015'),
	('ND00015',N'Lê Danh Khôi Nguyên',N'Nam','11/10/2000','0720350139',N'Quận 5, TP. Hồ Chí Minh',N'Công ty Luật Khôi Minh','nguyen.ledanhkhoi@outlook.com',N'Người dùng khác','29/03/2023'),
	('ND00016',N'Trần Thành Đạt',N'Nam','18/07/1996','0925140839',N'Đồng Nai',N'Công ty TNHH Đất Việt','dat.tranthanh@gmail.com.vn',N'Người dùng khác','19/09/2018'),
	('ND00017',N'Trần Thế Hùng',N'Nam','30/11/2000','0920512071',N'Quận Gò Vấp, TP. Hồ Chí Minh',N'Công ty TNHH N2M','hung.tranthe@outlook.com',N'Người dùng khác','14/02/2019'),
	('ND00018',N'Lê Hoài Thương',N'Nữ','22/12/2002','0325105002',N'Bình Phước',N'ĐH Mở','thuong.lehoai@gmail.com',N'Sinh viên','16/10/2017'),
	('ND00019',N'Lê Thiên Bình',N'Nữ','23/01/2004','0366745003',N'Phú Yên',N'ĐH Bách Khoa TP.HCM','binh.lethien@yahoo.com.vn',N'Sinh viên','21/07/2019'),
	('ND00020',N'Nguyễn Thành Nam',N'Nam','09/11/2003','0928165022',N'Bình Dương',N'ĐH Kinh tế - Luật','nam.nguyenthanh@gmail.com',N'Sinh viên','26/12/2018')
GO
INSERT INTO DangNhap
VALUES
	('anhminh','123456','ND00001'),
	('ductai','123456','ND00002'),
	('quynhchi','123456','ND00003'),
	('congbinh','123456','ND00004'),
	('baole','123456','ND00005'),
	('mannhi','123456','ND00006'),
	('quynhnhu','123456','ND00007'),
	('quangmanh','123456','ND00008'),
	('trungduc','123456','ND00009'),
	('minhtriet','123456','ND00010'),
	('dieuanh','123456','ND00011'),
	('ngoctram','123456','ND00012'),
	('ngocbich','123456','ND00013'),
	('huyenngoc','123456','ND00014'),
	('khoinguyen','123456','ND00015'),
	('thanhdat','123456','ND00016'),
	('thehung','123456','ND00017'),
	('hoaithuong','123456','ND00018'),
	('thienbinh','123456','ND00019'),
	('thanhnam','123456','ND00020')

GO
/*
INSERT INTO PhieuMuon
VALUES
	('PM0001','ND00001',180,'01/03/2022','07/08/2022','Miễn Phí','Không'),
	('PM0002','ND00001',180,'01/03/2022','07/08/2022','Miễn Phí','Không')

GO
/*
INSERT INTO ChiTietPhieuMuon
VALUES
	('PM0001','B00010'),
	('PM0001','B00048'),
	('PM0001','B00017')
*/
	
